"URL","Elsődleges kulcsszó","Másodlagos kifejezések","Keresési szándék","Oldal feladata","Kategória","Kapcsolódó kalkulátorok","Belső linkforrások"
"kalkulatorok/netto-brutto-kalkulator.html","nettó - bruttó kalkulátor","fizetés bér adó járulék nettó bruttó","Pénzügyi számítás és döntés-előkészítés","Fizetés nettó vagy bruttó összegének kiszámítása.","penzugyi.html","Hitelképesség kalkulátor; Hitel törlesztő kalkulátor; Lakáshitel önerő kalkulátor","index.html; kalkulatorok/afa-kalkulator.html; kalkulatorok/havi-koltsegvetes-kalkulator.html; kalkulatorok/hitel-torleszto-kalkulator.html; kalkulatorok/hitelkepesseg-kalkulator.html; kalkulatorok/inflacio-kalkulator.html; kalkulatorok/munkaido-kalkulator.html; kalkulatorok/oraber-kalkulator.html; kalkulatorok.html; landing-pages/penzugyi-tudatossag/penzugyi-tudatossag.html; landing-pages/wise/wise.html; penzugyi.html; kalkulatorok/lakas-hitel-onero-kalkulator.html"
"kalkulatorok/hitel-torleszto-kalkulator.html","hitel törlesztő kalkulátor","lakáshitel személyi kölcsön kamat törlesztés","Pénzügyi számítás és döntés-előkészítés","Havi törlesztőrészlet számítása hitelösszeg és futamidő alapján.","penzugyi.html","Nettó - bruttó kalkulátor; Hitelképesség kalkulátor; Lakáshitel önerő kalkulátor","kalkulatorok/auto-ertekvesztes-kalkulator.html; kalkulatorok/havi-koltsegvetes-kalkulator.html; kalkulatorok/hitelkepesseg-kalkulator.html; kalkulatorok/lakas-hitel-onero-kalkulator.html; kalkulatorok.html; landing-pages/penzugyi-tudatossag/penzugyi-tudatossag.html; penzugyi.html; kalkulatorok/netto-brutto-kalkulator.html"
"kalkulatorok/hitelkepesseg-kalkulator.html","hitelképesség kalkulátor","jtm hitel jövedelem bank önerő","Pénzügyi számítás és döntés-előkészítés","Becsüld meg, mekkora hitel férhet bele a jövedelmedbe.","penzugyi.html","Nettó - bruttó kalkulátor; Hitel törlesztő kalkulátor; Lakáshitel önerő kalkulátor","kalkulatorok/havi-koltsegvetes-kalkulator.html; kalkulatorok/hitel-torleszto-kalkulator.html; kalkulatorok/lakas-hitel-onero-kalkulator.html; kalkulatorok/netto-brutto-kalkulator.html; kalkulatorok.html; penzugyi.html"
"kalkulatorok/lakas-hitel-onero-kalkulator.html","lakáshitel önerő kalkulátor","lakás ingatlan önerő lakáshitel","Pénzügyi számítás és döntés-előkészítés","Szükséges önerő kiszámítása lakásvásárláshoz.","penzugyi.html","Nettó - bruttó kalkulátor; Hitelképesség kalkulátor; Hitel törlesztő kalkulátor","kalkulatorok/hitel-torleszto-kalkulator.html; kalkulatorok/hitelkepesseg-kalkulator.html; kalkulatorok.html; penzugyi.html; kalkulatorok/netto-brutto-kalkulator.html"
"kalkulatorok/osztalek-kalkulator.html","osztalék kalkulátor","osztalék részvény hozam passzív jövedelem nettó bevétel újrabefektetés céljövedelem","Pénzügyi számítás és döntés-előkészítés","Osztalékbevétel, céljövedelemhez szükséges tőke és hosszú távú újrabefektetés becslése.","penzugyi.html","ETF kalkulátor; Kamatos kamat kalkulátor; Infláció kalkulátor","index.html; kalkulatorok/etf-kalkulator.html; kalkulatorok.html; landing-pages/penzugyi-tudatossag/penzugyi-tudatossag.html; penzugyi.html; kalkulatorok/milliomos-kalkulator.html; kalkulatorok/inflacio-kalkulator.html; kalkulatorok/kamatos-kamat-kalkulator.html"
"kalkulatorok/etf-kalkulator.html","etf kalkulátor","befektetés tőzsde hozam rendszeres megtakarítás ETF TER infláció célösszeg","Pénzügyi számítás és döntés-előkészítés","ETF befektetés, célösszeg, TER és infláció becslése.","penzugyi.html","Kamatos kamat kalkulátor; Osztalék kalkulátor; Infláció kalkulátor","index.html; kalkulatorok/deviza-atvalto-kalkulator.html; kalkulatorok/inflacio-kalkulator.html; kalkulatorok/kamatos-kamat-kalkulator.html; kalkulatorok/milliomos-kalkulator.html; kalkulatorok/osztalek-kalkulator.html; kalkulatorok.html; landing-pages/penzugyi-tudatossag/penzugyi-tudatossag.html; penzugyi.html"
"kalkulatorok/milliomos-kalkulator.html","mikor leszek milliomos?","megtakarítás vagyon célösszeg pénzügyi cél","Pénzügyi számítás és döntés-előkészítés","Számold ki, mennyi idő kell a célösszeg eléréséhez.","penzugyi.html","ETF kalkulátor; Kamatos kamat kalkulátor; Osztalék kalkulátor","kalkulatorok/etf-kalkulator.html; kalkulatorok/kamatos-kamat-kalkulator.html; kalkulatorok/osztalek-kalkulator.html; kalkulatorok.html; landing-pages/penzugyi-tudatossag/penzugyi-tudatossag.html; penzugyi.html"
"kalkulatorok/inflacio-kalkulator.html","infláció kalkulátor","infláció pénzromlás árak vásárlóerő","Pénzügyi számítás és döntés-előkészítés","Pénz vásárlóerejének változása infláció mellett.","penzugyi.html","ETF kalkulátor; Kamatos kamat kalkulátor; Osztalék kalkulátor","kalkulatorok/deviza-atvalto-kalkulator.html; kalkulatorok/etf-kalkulator.html; kalkulatorok/havi-koltsegvetes-kalkulator.html; kalkulatorok/kamatos-kamat-kalkulator.html; kalkulatorok/lakas-hitel-onero-kalkulator.html; kalkulatorok/milliomos-kalkulator.html; kalkulatorok/netto-brutto-kalkulator.html; kalkulatorok/osztalek-kalkulator.html; kalkulatorok.html; landing-pages/penzugyi-tudatossag/penzugyi-tudatossag.html; landing-pages/wise/wise.html; penzugyi.html"
"kalkulatorok/kamatos-kamat-kalkulator.html","kamatos kamat kalkulátor","kamat megtakarítás befektetés hozam","Pénzügyi számítás és döntés-előkészítés","Befektetés növekedése kamatos kamattal.","penzugyi.html","ETF kalkulátor; Osztalék kalkulátor; Infláció kalkulátor","kalkulatorok/etf-kalkulator.html; kalkulatorok/inflacio-kalkulator.html; kalkulatorok/milliomos-kalkulator.html; kalkulatorok/multifunkcios-szamologep.html; kalkulatorok/osztalek-kalkulator.html; kalkulatorok/szazalek-kalkulator.html; kalkulatorok.html; landing-pages/penzugyi-tudatossag/penzugyi-tudatossag.html; landing-pages/wise/wise.html; penzugyi.html"
"kalkulatorok/havi-koltsegvetes-kalkulator.html","havi költségvetés kalkulátor","költségvetés bevétel kiadás megtakarítás havi pénzügyi tervezés","Pénzügyi számítás és döntés-előkészítés","Tervezd meg a havi bevételeidet, kiadásaidat és megtakarítási arányodat.","penzugyi.html","Nettó - bruttó kalkulátor; Hitelképesség kalkulátor; Hitel törlesztő kalkulátor","kalkulatorok/egysegar-kalkulator.html; kalkulatorok/hitel-torleszto-kalkulator.html; kalkulatorok/hitelkepesseg-kalkulator.html; kalkulatorok/inflacio-kalkulator.html; kalkulatorok/kamatos-kamat-kalkulator.html; kalkulatorok/lakas-hitel-onero-kalkulator.html; kalkulatorok/milliomos-kalkulator.html; kalkulatorok/netto-brutto-kalkulator.html; kalkulatorok/oraber-kalkulator.html; kalkulatorok/rezsi-megosztas-kalkulator.html; kalkulatorok.html; landing-pages/penzugyi-tudatossag/penzugyi-tudatossag.html; penzugyi.html; kalkulatorok/borravalo-kalkulator.html"
"kalkulatorok/fizetesi-hatarido-kalkulator.html","fizetési határidő kalkulátor","számla fizetési határidő vállalkozás","Pénzügyi számítás és döntés-előkészítés","Fizetési határidő kiszámítása számlázáshoz.","penzugyi.html","ÁFA kalkulátor; Számla teljesítés kalkulátor; Órabér kalkulátor","index.html; kalkulatorok/datum-kulonbseg-kalkulator.html; kalkulatorok.html; penzugyi.html; kalkulatorok/szamla-teljesites-kalkulator.html; kalkulatorok/afa-kalkulator.html; kalkulatorok/oraber-kalkulator.html"
"kalkulatorok/szamla-teljesites-kalkulator.html","számla teljesítési dátum kalkulátor","számlázás teljesítés dátum vállalkozás","Pénzügyi számítás és döntés-előkészítés","Számla teljesítési dátumának kiszámítása.","penzugyi.html","ÁFA kalkulátor; Fizetési határidő kalkulátor; Órabér kalkulátor","index.html; kalkulatorok.html; penzugyi.html; kalkulatorok/fizetesi-hatarido-kalkulator.html; kalkulatorok/afa-kalkulator.html; kalkulatorok/oraber-kalkulator.html"
"kalkulatorok/beton-kalkulator.html","beton kalkulátor","beton alap köbméter építkezés","Anyagszükséglet és kivitelezési becslés","Szükséges beton mennyiségének kiszámítása.","epitoipari.html","Tégla kalkulátor; Vakolat kalkulátor; Gipszkarton kalkulátor","epitoipari.html; kalkulatorok/tegla-kalkulator.html; kalkulatorok/terkovezes-kalkulator.html; kalkulatorok/tetocserep-kalkulator.html; kalkulatorok.html; kalkulatorok/gipszkarton-kalkulator.html; kalkulatorok/vakolat-kalkulator.html; kalkulatorok/hoszigeteles-kalkulator.html"
"kalkulatorok/csempe-kalkulator.html","csempe kalkulátor","csempe burkolat járólap négyzetméter","Anyagszükséglet és kivitelezési becslés","Csempe mennyiség kiszámítása burkoláshoz.","epitoipari.html","Fuga kalkulátor; Padlóburkolat kalkulátor; Térkövezés kalkulátor","epitoipari.html; kalkulatorok/festek-kalkulator.html; kalkulatorok/fuga-kalkulator.html; kalkulatorok/padlo-burkolat-kalkulator.html; kalkulatorok/terkovezes-kalkulator.html; kalkulatorok.html; kalkulatorok/tapeta-kalkulator.html"
"kalkulatorok/festek-kalkulator.html","festék kalkulátor","festés festék liter fal","Anyagszükséglet és kivitelezési becslés","Festékmennyiség becslése falakhoz és felületekhez.","epitoipari.html","Csempe kalkulátor; Fuga kalkulátor; Padlóburkolat kalkulátor","epitoipari.html; kalkulatorok/gipszkarton-kalkulator.html; kalkulatorok/hoszigeteles-kalkulator.html; kalkulatorok/padlo-burkolat-kalkulator.html; kalkulatorok/tapeta-kalkulator.html; kalkulatorok/vakolat-kalkulator.html; kalkulatorok.html"
"kalkulatorok/tegla-kalkulator.html","tégla kalkulátor","tégla falazat építkezés darab","Anyagszükséglet és kivitelezési becslés","Tégla mennyiség kiszámítása falazáshoz.","epitoipari.html","Beton kalkulátor; Vakolat kalkulátor; Gipszkarton kalkulátor","epitoipari.html; kalkulatorok/beton-kalkulator.html; kalkulatorok/tetocserep-kalkulator.html; kalkulatorok.html; kalkulatorok/gipszkarton-kalkulator.html; kalkulatorok/vakolat-kalkulator.html; kalkulatorok/hoszigeteles-kalkulator.html"
"kalkulatorok/bmi-kalkulator.html","bmi kalkulátor","testtömeg index egészség súly magasság","Egészségi vagy életmódbeli tájékozódás","Testtömegindex kiszámítása testsúly és magasság alapján.","egeszseg.html","Ideális testsúly kalkulátor; Testzsír százalék kalkulátor; Derék-csípő arány kalkulátor","egeszseg.html; index.html; kalkulatorok/derek-csipo-kalkulator.html; kalkulatorok/idealis-testsuly-kalkulator.html; kalkulatorok/kaloria-kalkulator.html; kalkulatorok/testzsir-kalkulator.html; kalkulatorok.html; kalkulatorok/bmr-kalkulator.html"
"kalkulatorok/kaloria-kalkulator.html","kalória kalkulátor","kalória étrend fogyás tömegnövelés","Egészségi vagy életmódbeli tájékozódás","Napi kalóriaszükséglet becslése.","egeszseg.html","Makró kalkulátor; Fehérje szükséglet kalkulátor; BMR kalkulátor","egeszseg.html; kalkulatorok/bmi-kalkulator.html; kalkulatorok/bmr-kalkulator.html; kalkulatorok/energia-atvalto-kalkulator.html; kalkulatorok/feherje-szukseglet-kalkulator.html; kalkulatorok/makro-kalkulator.html; kalkulatorok/pulzus-zona-kalkulator.html; kalkulatorok/vizfogyasztas-kalkulator.html; kalkulatorok.html; kalkulatorok/terhessegi-kalkulator.html; kalkulatorok/alvasciklus-kalkulator.html"
"kalkulatorok/szazalek-kalkulator.html","százalék kalkulátor","százalék kedvezmény arány növekedés csökkenés","Gyors hétköznapi számítás","Gyors százalékszámítás hétköznapi helyzetekhez.","mindennapi.html","Arány kalkulátor; Átlag kalkulátor; Árkedvezmény kalkulátor","index.html; kalkulatorok/afa-kalkulator.html; kalkulatorok/ar-kedvezmeny-kalkulator.html; kalkulatorok/arany-kalkulator.html; kalkulatorok/atlag-kalkulator.html; kalkulatorok/borravalo-kalkulator.html; kalkulatorok/deviza-atvalto-kalkulator.html; kalkulatorok/egysegar-kalkulator.html; kalkulatorok/multifunkcios-szamologep.html; kalkulatorok/rezsi-megosztas-kalkulator.html; kalkulatorok.html; mindennapi.html"
"kalkulatorok/afa-kalkulator.html","áfa kalkulátor","áfa nettó bruttó adó számla","Gyors hétköznapi számítás","ÁFA hozzáadása vagy levonása nettó és bruttó értékből.","mindennapi.html","Számla teljesítés kalkulátor; Fizetési határidő kalkulátor; Órabér kalkulátor","index.html; kalkulatorok/ar-kedvezmeny-kalkulator.html; kalkulatorok/multifunkcios-szamologep.html; kalkulatorok/szazalek-kalkulator.html; kalkulatorok.html; mindennapi.html; kalkulatorok/fizetesi-hatarido-kalkulator.html; kalkulatorok/szamla-teljesites-kalkulator.html; kalkulatorok/oraber-kalkulator.html"
"kalkulatorok/auto-kalkulator.html","autós út- és hatótáv kalkulátor","fogyasztás üzemanyag utazás benzin dízel","Autózási költség, út vagy járműadat becslése","Fogyasztás, üzemanyagköltség és becsült hatótáv egy összetett eszközben.","auto.html","Üzemanyag költség kalkulátor; Autó fogyasztás kalkulátor; Hatótáv kalkulátor","auto.html; index.html; kalkulatorok.html; kalkulatorok/uzemanyag-koltseg-kalkulator.html; kalkulatorok/auto-fogyasztas-kalkulator.html; kalkulatorok/hatotav-kalkulator.html; kalkulatorok/utazasi-ido-kalkulator.html"
"kalkulatorok/homerseklet-atvalto-kalkulator.html","hőmérséklet átváltó","celsius fahrenheit kelvin hőfok","Mértékegység-átváltás","Celsius, Fahrenheit és Kelvin átváltása.","atvaltok.html","Energia átváltó kalkulátor; Teljesítmény átváltó kalkulátor; Nyomás átváltó kalkulátor","atvaltok.html; kalkulatorok/nyomas-atvalto-kalkulator.html; kalkulatorok.html; kalkulatorok/energia-atvalto-kalkulator.html; kalkulatorok/teljesitmeny-atvalto-kalkulator.html"
"kalkulatorok/hosszusag-atvalto-kalkulator.html","hosszúság átváltó","hossz méter inch mérföld","Mértékegység-átváltás","Milliméter, centiméter, méter, kilométer, inch és mérföld.","atvaltok.html","Terület átváltó; Térfogat átváltó; Tömeg átváltó","atvaltok.html; kalkulatorok.html; kalkulatorok/tomeg-atvalto-kalkulator.html"
"kalkulatorok/tomeg-atvalto-kalkulator.html","tömeg átváltó","súly tömeg kg font uncia","Mértékegység-átváltás","Gramm, kilogramm, tonna, font és uncia átváltása.","atvaltok.html","Hosszúság átváltó; Terület átváltó; Térfogat átváltó","atvaltok.html; kalkulatorok.html; kalkulatorok/hosszusag-atvalto-kalkulator.html"
"kalkulatorok/terulet-atvalto-kalkulator.html","terület átváltó","terület négyzetméter hektár","Mértékegység-átváltás","Négyzetméter, hektár és négyzetkilométer átváltása.","atvaltok.html","Tetőcserép kalkulátor; Térfogat átváltó; Hőszigetelés kalkulátor","atvaltok.html; kalkulatorok.html; kalkulatorok/hosszusag-atvalto-kalkulator.html; kalkulatorok/tomeg-atvalto-kalkulator.html; kalkulatorok/terfogat-atvalto-kalkulator.html; kalkulatorok/tetocserep-kalkulator.html"
"kalkulatorok/terfogat-atvalto-kalkulator.html","térfogat átváltó","térfogat liter gallon köbméter","Mértékegység-átváltás","Milliliter, liter, köbméter és gallon átváltása.","atvaltok.html","Tetőcserép kalkulátor; Terület átváltó; Hőszigetelés kalkulátor","atvaltok.html; kalkulatorok.html; kalkulatorok/hosszusag-atvalto-kalkulator.html; kalkulatorok/tomeg-atvalto-kalkulator.html; kalkulatorok/terulet-atvalto-kalkulator.html; kalkulatorok/tetocserep-kalkulator.html"
"kalkulatorok/ido-atvalto-kalkulator.html","idő átváltó","idő óra perc nap hét","Mértékegység-átváltás","Másodperc, perc, óra, nap és hét átváltása.","atvaltok.html","Sebesség átváltó; Adatmennyiség átváltó; Deviza átváltó","atvaltok.html; kalkulatorok/alvasciklus-kalkulator.html; kalkulatorok/datum-kulonbseg-kalkulator.html; kalkulatorok/eletkor-kalkulator.html; kalkulatorok.html; kalkulatorok/adatmeret-atvalto-kalkulator.html; kalkulatorok/deviza-atvalto-kalkulator.html"
"kalkulatorok/sebesseg-atvalto-kalkulator.html","sebesség átváltó","sebesség kmh mph ms","Mértékegység-átváltás","Km/h, mph és m/s közötti átváltás.","atvaltok.html","Gumiméret váltó kalkulátor; Hatótáv kalkulátor; Kilométerdíj kalkulátor","atvaltok.html; kalkulatorok/gumi-meret-kalkulator.html; kalkulatorok/teljesitmeny-atvalto-kalkulator.html; kalkulatorok/utazasi-ido-kalkulator.html; kalkulatorok.html; kalkulatorok/ido-atvalto-kalkulator.html; kalkulatorok/adatmeret-atvalto-kalkulator.html; kalkulatorok/deviza-atvalto-kalkulator.html"
"kalkulatorok/adatmeret-atvalto-kalkulator.html","adatmennyiség átváltó","adat tárhely méret byte","Mértékegység-átváltás","KB, MB, GB és TB átváltása.","atvaltok.html","Idő átváltó; Sebesség átváltó; Deviza átváltó","atvaltok.html; kalkulatorok/energia-atvalto-kalkulator.html; kalkulatorok.html; kalkulatorok/ido-atvalto-kalkulator.html; kalkulatorok/deviza-atvalto-kalkulator.html"
"kalkulatorok/deviza-atvalto-kalkulator.html","deviza átváltó","deviza valuta euró dollár forint","Mértékegység-átváltás","Forint, euró, dollár, font és más pénznemek átváltása.","atvaltok.html","Idő átváltó; Sebesség átváltó; Adatmennyiség átváltó","atvaltok.html; index.html; kalkulatorok/multifunkcios-szamologep.html; kalkulatorok/osztalek-kalkulator.html; kalkulatorok.html; landing-pages/wise/wise.html; kalkulatorok/ido-atvalto-kalkulator.html; kalkulatorok/adatmeret-atvalto-kalkulator.html"
"kalkulatorok/padlo-burkolat-kalkulator.html","padlóburkolat kalkulátor","padló burkolat laminált parketta alapterület veszteség","Anyagszükséglet és kivitelezési becslés","Számold ki a szükséges laminált padló, parketta vagy burkolat mennyiségét.","epitoipari.html","Csempe kalkulátor; Fuga kalkulátor; Térkövezés kalkulátor","epitoipari.html; kalkulatorok/beton-kalkulator.html; kalkulatorok/fuga-kalkulator.html; kalkulatorok/tapeta-kalkulator.html; kalkulatorok/terkovezes-kalkulator.html; kalkulatorok.html; kalkulatorok/csempe-kalkulator.html; kalkulatorok/festek-kalkulator.html"
"kalkulatorok/gipszkarton-kalkulator.html","gipszkarton kalkulátor","gipszkarton lap fal mennyezet építés","Anyagszükséglet és kivitelezési becslés","Becsüld meg, hány gipszkarton lapra lesz szükséged falhoz vagy mennyezethez.","epitoipari.html","Beton kalkulátor; Tégla kalkulátor; Vakolat kalkulátor","epitoipari.html; kalkulatorok/festek-kalkulator.html; kalkulatorok/hoszigeteles-kalkulator.html; kalkulatorok/tegla-kalkulator.html; kalkulatorok/vakolat-kalkulator.html; kalkulatorok.html; kalkulatorok/beton-kalkulator.html"
"kalkulatorok/tapeta-kalkulator.html","tapéta kalkulátor","tapéta tekercs fal lakásfelújítás","Anyagszükséglet és kivitelezési becslés","Számold ki, hány tekercs tapétára lehet szükség egy helyiségben.","epitoipari.html","Csempe kalkulátor; Fuga kalkulátor; Padlóburkolat kalkulátor","epitoipari.html; kalkulatorok/festek-kalkulator.html; kalkulatorok.html"
"kalkulatorok/vakolat-kalkulator.html","vakolat kalkulátor","vakolat glett anyag fal vastagság","Anyagszükséglet és kivitelezési becslés","Becsüld meg a vakolat vagy glettanyag mennyiségét felület és rétegvastagság alapján.","epitoipari.html","Beton kalkulátor; Tégla kalkulátor; Gipszkarton kalkulátor","epitoipari.html; kalkulatorok/beton-kalkulator.html; kalkulatorok/festek-kalkulator.html; kalkulatorok/fuga-kalkulator.html; kalkulatorok/gipszkarton-kalkulator.html; kalkulatorok/hoszigeteles-kalkulator.html; kalkulatorok/tapeta-kalkulator.html; kalkulatorok/tegla-kalkulator.html; kalkulatorok.html"
"kalkulatorok/hoszigeteles-kalkulator.html","hőszigetelés kalkulátor","hőszigetelés homlokzat eps xps kőzetgyapot","Anyagszükséglet és kivitelezési becslés","Tervezd meg a homlokzati vagy födémszigetelés lapmennyiségét.","epitoipari.html","Beton kalkulátor; Tégla kalkulátor; Vakolat kalkulátor","epitoipari.html; kalkulatorok/gipszkarton-kalkulator.html; kalkulatorok/tegla-kalkulator.html; kalkulatorok/tetocserep-kalkulator.html; kalkulatorok/vakolat-kalkulator.html; kalkulatorok.html; kalkulatorok/terulet-atvalto-kalkulator.html; kalkulatorok/terfogat-atvalto-kalkulator.html"
"kalkulatorok/terkovezes-kalkulator.html","térkövezés kalkulátor","térkő udvar járda kert térkövezés","Anyagszükséglet és kivitelezési becslés","Számold ki térkő, szegélykő és ráhagyás becsült mennyiségét.","epitoipari.html","Csempe kalkulátor; Fuga kalkulátor; Padlóburkolat kalkulátor","epitoipari.html; kalkulatorok/beton-kalkulator.html; kalkulatorok.html; kalkulatorok/csempe-kalkulator.html; kalkulatorok/padlo-burkolat-kalkulator.html; kalkulatorok/fuga-kalkulator.html"
"kalkulatorok/tetocserep-kalkulator.html","tetőcserép kalkulátor","tető cserép tetőfedés építkezés","Anyagszükséglet és kivitelezési becslés","Becsüld meg a tetőfedéshez szükséges cserepek számát.","epitoipari.html","Terület átváltó; Térfogat átváltó; Hőszigetelés kalkulátor","epitoipari.html; index.html; kalkulatorok.html; kalkulatorok/terulet-atvalto-kalkulator.html; kalkulatorok/terfogat-atvalto-kalkulator.html"
"kalkulatorok/fuga-kalkulator.html","fuga kalkulátor","fuga burkolás csempe járólap fugázó","Anyagszükséglet és kivitelezési becslés","Számold ki a várható fugázóanyag-szükségletet burkoláshoz.","epitoipari.html","Csempe kalkulátor; Padlóburkolat kalkulátor; Térkövezés kalkulátor","epitoipari.html; kalkulatorok/padlo-burkolat-kalkulator.html; kalkulatorok.html; kalkulatorok/csempe-kalkulator.html; kalkulatorok/festek-kalkulator.html; kalkulatorok/tapeta-kalkulator.html; kalkulatorok/terkovezes-kalkulator.html"
"kalkulatorok/vizfogyasztas-kalkulator.html","vízfogyasztás kalkulátor","vízfogyasztás folyadék testsúly hidratálás","Egészségi vagy életmódbeli tájékozódás","Becsüld meg a napi ajánlott folyadékbevitelt testsúly és aktivitás alapján.","egeszseg.html","Kalória kalkulátor; Makró kalkulátor; Fehérje szükséglet kalkulátor","egeszseg.html; kalkulatorok/pulzus-zona-kalkulator.html; kalkulatorok/terhessegi-kalkulator.html; kalkulatorok.html"
"kalkulatorok/pulzus-zona-kalkulator.html","pulzus zóna kalkulátor","pulzus edzés kardió zóna sport","Egészségi vagy életmódbeli tájékozódás","Számold ki az edzéshez használható pulzustartományokat.","egeszseg.html","Alvásciklus kalkulátor; Kalória kalkulátor; Terhességi kalkulátor","egeszseg.html; kalkulatorok/alvasciklus-kalkulator.html; kalkulatorok/vizfogyasztas-kalkulator.html; kalkulatorok.html; kalkulatorok/terhessegi-kalkulator.html"
"kalkulatorok/terhessegi-kalkulator.html","terhességi kalkulátor","terhesség szülés dátum kalkulátor","Egészségi vagy életmódbeli tájékozódás","Számold ki a várható szülési dátumot az utolsó menstruáció alapján.","egeszseg.html","Pulzus zóna kalkulátor; Alvásciklus kalkulátor; Kalória kalkulátor","egeszseg.html; kalkulatorok/eletkor-kalkulator.html; kalkulatorok.html; kalkulatorok/pulzus-zona-kalkulator.html; kalkulatorok/alvasciklus-kalkulator.html"
"kalkulatorok/idealis-testsuly-kalkulator.html","ideális testsúly kalkulátor","ideális testsúly magasság egészség","Egészségi vagy életmódbeli tájékozódás","Becsüld meg az ideális testsúlyt magasság és nem alapján.","egeszseg.html","BMI kalkulátor; Testzsír százalék kalkulátor; Derék-csípő arány kalkulátor","egeszseg.html; kalkulatorok/derek-csipo-kalkulator.html; kalkulatorok/testzsir-kalkulator.html; kalkulatorok.html; kalkulatorok/bmi-kalkulator.html; kalkulatorok/bmr-kalkulator.html"
"kalkulatorok/testzsir-kalkulator.html","testzsír százalék kalkulátor","testzsír százalék derék csípő egészség","Egészségi vagy életmódbeli tájékozódás","Becsüld meg a testzsírszázalékot derék, nyak, csípő és magasság alapján.","egeszseg.html","BMI kalkulátor; Ideális testsúly kalkulátor; Derék-csípő arány kalkulátor","egeszseg.html; kalkulatorok/bmi-kalkulator.html; kalkulatorok/derek-csipo-kalkulator.html; kalkulatorok/idealis-testsuly-kalkulator.html; kalkulatorok.html; kalkulatorok/bmr-kalkulator.html"
"kalkulatorok/makro-kalkulator.html","makró kalkulátor","makró fehérje szénhidrát zsír étrend","Egészségi vagy életmódbeli tájékozódás","Oszd fel a napi kalóriát fehérje, szénhidrát és zsír között.","egeszseg.html","Kalória kalkulátor; Fehérje szükséglet kalkulátor; BMR kalkulátor","egeszseg.html; kalkulatorok/bmr-kalkulator.html; kalkulatorok/feherje-szukseglet-kalkulator.html; kalkulatorok/kaloria-kalkulator.html; kalkulatorok.html; kalkulatorok/vizfogyasztas-kalkulator.html"
"kalkulatorok/alvasciklus-kalkulator.html","alvásciklus kalkulátor","alvás ciklus lefekvés felkelés","Egészségi vagy életmódbeli tájékozódás","Tervezd meg, mikor érdemes lefeküdni vagy felkelni 90 perces ciklusokkal.","egeszseg.html","Pulzus zóna kalkulátor; Kalória kalkulátor; Terhességi kalkulátor","egeszseg.html; kalkulatorok.html; kalkulatorok/pulzus-zona-kalkulator.html; kalkulatorok/terhessegi-kalkulator.html"
"kalkulatorok/bmr-kalkulator.html","bmr kalkulátor","bmr alapanyagcsere kalória","Egészségi vagy életmódbeli tájékozódás","Számold ki az alapanyagcserédet Mifflin-St Jeor képlettel.","egeszseg.html","BMI kalkulátor; Ideális testsúly kalkulátor; Testzsír százalék kalkulátor","egeszseg.html; kalkulatorok/alvasciklus-kalkulator.html; kalkulatorok/bmi-kalkulator.html; kalkulatorok/feherje-szukseglet-kalkulator.html; kalkulatorok/kaloria-kalkulator.html; kalkulatorok/makro-kalkulator.html; kalkulatorok/pulzus-zona-kalkulator.html; kalkulatorok/vizfogyasztas-kalkulator.html; kalkulatorok.html"
"kalkulatorok/derek-csipo-kalkulator.html","derék-csípő arány kalkulátor","derék csípő arány whr","Egészségi vagy életmódbeli tájékozódás","Számold ki a derék-csípő arányt, egy egyszerű egészségi mutatót.","egeszseg.html","BMI kalkulátor; Ideális testsúly kalkulátor; Testzsír százalék kalkulátor","egeszseg.html; kalkulatorok/bmi-kalkulator.html; kalkulatorok/idealis-testsuly-kalkulator.html; kalkulatorok/testzsir-kalkulator.html; kalkulatorok.html"
"kalkulatorok/feherje-szukseglet-kalkulator.html","fehérje szükséglet kalkulátor","fehérje protein edzés fogyás","Egészségi vagy életmódbeli tájékozódás","Becsüld meg a napi fehérjeigényt testsúly és cél alapján.","egeszseg.html","Kalória kalkulátor; Makró kalkulátor; BMR kalkulátor","egeszseg.html; kalkulatorok/bmr-kalkulator.html; kalkulatorok/kaloria-kalkulator.html; kalkulatorok/makro-kalkulator.html; kalkulatorok.html; kalkulatorok/vizfogyasztas-kalkulator.html"
"kalkulatorok/ar-kedvezmeny-kalkulator.html","árkedvezmény kalkulátor","kedvezmény akció ár százalék","Gyors hétköznapi számítás","Számold ki az akciós árat, kedvezményt és megtakarítást.","mindennapi.html","Százalék kalkulátor; Arány kalkulátor; Átlag kalkulátor","kalkulatorok/afa-kalkulator.html; kalkulatorok/arany-kalkulator.html; kalkulatorok/borravalo-kalkulator.html; kalkulatorok/egysegar-kalkulator.html; kalkulatorok/szazalek-kalkulator.html; kalkulatorok.html; mindennapi.html; kalkulatorok/atlag-kalkulator.html"
"kalkulatorok/borravalo-kalkulator.html","borravaló kalkulátor","borravaló számla étterem","Gyors hétköznapi számítás","Oszd el a számlát és számold ki a borravalót több főre.","mindennapi.html","Rezsi megosztás kalkulátor; Egységár kalkulátor; Havi költségvetés kalkulátor","kalkulatorok/rezsi-megosztas-kalkulator.html; kalkulatorok.html; mindennapi.html"
"kalkulatorok/munkaido-kalkulator.html","munkaidő kalkulátor","munkaidő óra hét hónap","Gyors hétköznapi számítás","Számold ki a heti és havi munkaórát napi óraszám alapján.","mindennapi.html","Órabér kalkulátor; Dátum különbség kalkulátor; Életkor kalkulátor","kalkulatorok/oraber-kalkulator.html; kalkulatorok.html; mindennapi.html; kalkulatorok/eletkor-kalkulator.html; kalkulatorok/datum-kulonbseg-kalkulator.html"
"kalkulatorok/eletkor-kalkulator.html","életkor kalkulátor","életkor születésnap dátum","Gyors hétköznapi számítás","Számold ki az életkort években, hónapokban és napokban.","mindennapi.html","Munkaidő kalkulátor; Órabér kalkulátor; Dátum különbség kalkulátor","kalkulatorok/datum-kulonbseg-kalkulator.html; kalkulatorok/terhessegi-kalkulator.html; kalkulatorok.html; mindennapi.html; kalkulatorok/munkaido-kalkulator.html"
"kalkulatorok/datum-kulonbseg-kalkulator.html","dátum különbség kalkulátor","dátum különbség napok","Gyors hétköznapi számítás","Számold ki két dátum közötti napok számát egyszerűen.","mindennapi.html","Munkaidő kalkulátor; Órabér kalkulátor; Életkor kalkulátor","kalkulatorok/eletkor-kalkulator.html; kalkulatorok/munkaido-kalkulator.html; kalkulatorok/terhessegi-kalkulator.html; kalkulatorok.html; mindennapi.html"
"kalkulatorok/atlag-kalkulator.html","átlag kalkulátor","átlag számítás összeg darab","Gyors hétköznapi számítás","Számold ki több érték átlagát darabszám és összeg alapján.","mindennapi.html","Százalék kalkulátor; Arány kalkulátor; Árkedvezmény kalkulátor","kalkulatorok/arany-kalkulator.html; kalkulatorok.html; mindennapi.html; kalkulatorok/szazalek-kalkulator.html; kalkulatorok/ar-kedvezmeny-kalkulator.html; kalkulatorok/egysegar-kalkulator.html"
"kalkulatorok/egysegar-kalkulator.html","egységár kalkulátor","egységár ár kiszerelés vásárlás","Gyors hétköznapi számítás","Hasonlítsd össze termékek egységárát kiszerelés alapján.","mindennapi.html","Százalék kalkulátor; Arány kalkulátor; Átlag kalkulátor","kalkulatorok/afa-kalkulator.html; kalkulatorok/ar-kedvezmeny-kalkulator.html; kalkulatorok/atlag-kalkulator.html; kalkulatorok.html; mindennapi.html; kalkulatorok/borravalo-kalkulator.html; kalkulatorok/rezsi-megosztas-kalkulator.html"
"kalkulatorok/rezsi-megosztas-kalkulator.html","rezsi megosztás kalkulátor","rezsi megosztás lakótárs közös költség","Gyors hétköznapi számítás","Oszd szét a közös költségeket lakótársak vagy családtagok között.","mindennapi.html","Borravaló kalkulátor; Egységár kalkulátor; Havi költségvetés kalkulátor","kalkulatorok/autopalyadij-kalkulator.html; kalkulatorok/borravalo-kalkulator.html; kalkulatorok.html; mindennapi.html"
"kalkulatorok/oraber-kalkulator.html","órabér kalkulátor","órabér fizetés munkaóra","Gyors hétköznapi számítás","Számold ki az órabéred havi bér és munkaóra alapján.","mindennapi.html","ÁFA kalkulátor; Számla teljesítés kalkulátor; Fizetési határidő kalkulátor","kalkulatorok/munkaido-kalkulator.html; kalkulatorok/netto-brutto-kalkulator.html; kalkulatorok.html; mindennapi.html; kalkulatorok/fizetesi-hatarido-kalkulator.html; kalkulatorok/szamla-teljesites-kalkulator.html; kalkulatorok/afa-kalkulator.html; kalkulatorok/eletkor-kalkulator.html; kalkulatorok/datum-kulonbseg-kalkulator.html"
"kalkulatorok/arany-kalkulator.html","arány kalkulátor","arány rész egész százalék","Gyors hétköznapi számítás","Számold ki egy rész arányát az egészhez képest.","mindennapi.html","Százalék kalkulátor; Átlag kalkulátor; Árkedvezmény kalkulátor","kalkulatorok/atlag-kalkulator.html; kalkulatorok/multifunkcios-szamologep.html; kalkulatorok/szazalek-kalkulator.html; kalkulatorok.html; mindennapi.html; kalkulatorok/ar-kedvezmeny-kalkulator.html; kalkulatorok/egysegar-kalkulator.html"
"kalkulatorok/uzemanyag-koltseg-kalkulator.html","üzemanyagköltség kalkulátor","üzemanyag benzin dízel útiköltség","Autózási költség, út vagy járműadat becslése","Számold ki egy út várható üzemanyagköltségét.","auto.html","Autós út- és hatótáv kalkulátor; Autó fogyasztás kalkulátor; Hatótáv kalkulátor","auto.html; kalkulatorok/auto-fogyasztas-kalkulator.html; kalkulatorok/auto-kalkulator.html; kalkulatorok/autopalyadij-kalkulator.html; kalkulatorok/co2-kibocsatas-kalkulator.html; kalkulatorok/eves-auto-koltseg-kalkulator.html; kalkulatorok/hatotav-kalkulator.html; kalkulatorok/kilometerdij-kalkulator.html; kalkulatorok/utazasi-ido-kalkulator.html; kalkulatorok.html"
"kalkulatorok/auto-fogyasztas-kalkulator.html","autó fogyasztás kalkulátor","fogyasztás tankolás autó liter","Autózási költség, út vagy járműadat becslése","Számold ki a valós fogyasztást tankolás és megtett kilométer alapján.","auto.html","Autós út- és hatótáv kalkulátor; Üzemanyag költség kalkulátor; Hatótáv kalkulátor","auto.html; kalkulatorok/auto-kalkulator.html; kalkulatorok/co2-kibocsatas-kalkulator.html; kalkulatorok/eves-auto-koltseg-kalkulator.html; kalkulatorok/gumi-meret-kalkulator.html; kalkulatorok/hatotav-kalkulator.html; kalkulatorok/kilometerdij-kalkulator.html; kalkulatorok/uzemanyag-koltseg-kalkulator.html; kalkulatorok.html; kalkulatorok/utazasi-ido-kalkulator.html"
"kalkulatorok/hatotav-kalkulator.html","hatótáv kalkulátor","hatótáv tank fogyasztás","Autózási költség, út vagy járműadat becslése","Becsüld meg, hány kilométert tehetsz meg a tankban lévő üzemanyaggal.","auto.html","Autós út- és hatótáv kalkulátor; Üzemanyag költség kalkulátor; Autó fogyasztás kalkulátor","auto.html; kalkulatorok/auto-fogyasztas-kalkulator.html; kalkulatorok/co2-kibocsatas-kalkulator.html; kalkulatorok/gumi-meret-kalkulator.html; kalkulatorok.html; kalkulatorok/auto-kalkulator.html; kalkulatorok/sebesseg-atvalto-kalkulator.html; kalkulatorok/uzemanyag-koltseg-kalkulator.html"
"kalkulatorok/eves-auto-koltseg-kalkulator.html","éves autóköltség kalkulátor","autó fenntartás éves költség biztosítás szerviz","Autózási költség, út vagy járműadat becslése","Becsüld meg az autó éves fenntartási költségét.","auto.html","Kilométerdíj kalkulátor; Autó értékvesztés kalkulátor; Tankolás kalkulátor","auto.html; kalkulatorok/auto-ertekvesztes-kalkulator.html; kalkulatorok/auto-fogyasztas-kalkulator.html; kalkulatorok/auto-kalkulator.html; kalkulatorok/kilometerdij-kalkulator.html; kalkulatorok/uzemanyag-koltseg-kalkulator.html; kalkulatorok.html; kalkulatorok/tankolas-kalkulator.html; kalkulatorok/autopalyadij-kalkulator.html"
"kalkulatorok/auto-ertekvesztes-kalkulator.html","autó értékvesztés kalkulátor","autó amortizáció értékvesztés","Autózási költség, út vagy járműadat becslése","Számold ki, mennyit veszíthet az autó az értékéből évente.","auto.html","Éves autóköltség kalkulátor; Kilométerdíj kalkulátor; Tankolás kalkulátor","auto.html; kalkulatorok/eves-auto-koltseg-kalkulator.html; kalkulatorok/kilometerdij-kalkulator.html; kalkulatorok/teljesitmeny-atvalto-kalkulator.html; kalkulatorok.html; kalkulatorok/tankolas-kalkulator.html; kalkulatorok/autopalyadij-kalkulator.html"
"kalkulatorok/kilometerdij-kalkulator.html","kilométerdíj kalkulátor","kilométerdíj autó költség km","Autózási költség, út vagy járműadat becslése","Számold ki, mennyibe kerül egy kilométer az autóddal.","auto.html","Éves autóköltség kalkulátor; Autó értékvesztés kalkulátor; Tankolás kalkulátor","auto.html; kalkulatorok/auto-ertekvesztes-kalkulator.html; kalkulatorok/auto-fogyasztas-kalkulator.html; kalkulatorok/eves-auto-koltseg-kalkulator.html; kalkulatorok/uzemanyag-koltseg-kalkulator.html; kalkulatorok.html; kalkulatorok/sebesseg-atvalto-kalkulator.html; kalkulatorok/tankolas-kalkulator.html; kalkulatorok/gumi-meret-kalkulator.html; kalkulatorok/autopalyadij-kalkulator.html"
"kalkulatorok/co2-kibocsatas-kalkulator.html","co2 kibocsátás kalkulátor","co2 kibocsátás autó környezet","Autózási költség, út vagy járműadat becslése","Becsüld meg az utazás szén-dioxid kibocsátását üzemanyag alapján.","auto.html","Autó fogyasztás kalkulátor; Üzemanyag költség kalkulátor; Hatótáv kalkulátor","auto.html; kalkulatorok.html"
"kalkulatorok/tankolas-kalkulator.html","tankolás kalkulátor","tankolás üzemanyag liter ár","Autózási költség, út vagy járműadat becslése","Számold ki, hány liter üzemanyagot kapsz a megadott tankolási keretből.","auto.html","Éves autóköltség kalkulátor; Kilométerdíj kalkulátor; Autó értékvesztés kalkulátor","auto.html; kalkulatorok/hatotav-kalkulator.html; kalkulatorok.html; kalkulatorok/eves-auto-koltseg-kalkulator.html; kalkulatorok/auto-ertekvesztes-kalkulator.html; kalkulatorok/kilometerdij-kalkulator.html"
"kalkulatorok/gumi-meret-kalkulator.html","gumiméret váltó kalkulátor","gumiméret váltó kerék átmérő","Autózási költség, út vagy járműadat becslése","Hasonlíts össze két gumiméretet átmérő és eltérés alapján.","auto.html","Sebesség átváltó; Hatótáv kalkulátor; Kilométerdíj kalkulátor","auto.html; kalkulatorok/auto-kalkulator.html; kalkulatorok.html; kalkulatorok/sebesseg-atvalto-kalkulator.html"
"kalkulatorok/autopalyadij-kalkulator.html","autópályadíj kalkulátor","autópálya matrica díj utazás","Autózási költség, út vagy járműadat becslése","Oszd el az autópályadíjat utasok között.","auto.html","Éves autóköltség kalkulátor; Kilométerdíj kalkulátor; Autó értékvesztés kalkulátor","auto.html; kalkulatorok/utazasi-ido-kalkulator.html; kalkulatorok/uzemanyag-koltseg-kalkulator.html; kalkulatorok.html"
"kalkulatorok/utazasi-ido-kalkulator.html","utazási idő kalkulátor","utazási idő távolság sebesség","Autózási költség, út vagy járműadat becslése","Számold ki a várható menetidőt távolság és átlagsebesség alapján.","auto.html","Autós út- és hatótáv kalkulátor; Üzemanyag költség kalkulátor; Autó fogyasztás kalkulátor","auto.html; kalkulatorok/autopalyadij-kalkulator.html; kalkulatorok/uzemanyag-koltseg-kalkulator.html; kalkulatorok.html"
"kalkulatorok/energia-atvalto-kalkulator.html","energia átváltó kalkulátor","energia joule kalória kwh átváltás","Mértékegység-átváltás","Válts át joule, kilojoule, kalória és kilowattóra között.","atvaltok.html","Hőmérséklet átváltó; Teljesítmény átváltó kalkulátor; Nyomás átváltó kalkulátor","atvaltok.html; kalkulatorok/nyomas-atvalto-kalkulator.html; kalkulatorok/teljesitmeny-atvalto-kalkulator.html; kalkulatorok.html; kalkulatorok/homerseklet-atvalto-kalkulator.html"
"kalkulatorok/nyomas-atvalto-kalkulator.html","nyomás átváltó kalkulátor","nyomás bar psi pascal átváltás","Mértékegység-átváltás","Válts át pascal, bar, atmoszféra és PSI között.","atvaltok.html","Hőmérséklet átváltó; Energia átváltó kalkulátor; Teljesítmény átváltó kalkulátor","atvaltok.html; kalkulatorok.html; kalkulatorok/homerseklet-atvalto-kalkulator.html; kalkulatorok/energia-atvalto-kalkulator.html; kalkulatorok/teljesitmeny-atvalto-kalkulator.html"
"kalkulatorok/teljesitmeny-atvalto-kalkulator.html","teljesítmény átváltó kalkulátor","teljesítmény watt kilowatt lóerő átváltás","Mértékegység-átváltás","Válts át watt, kilowatt és lóerő között.","atvaltok.html","Hőmérséklet átváltó; Energia átváltó kalkulátor; Nyomás átváltó kalkulátor","atvaltok.html; kalkulatorok/energia-atvalto-kalkulator.html; kalkulatorok/nyomas-atvalto-kalkulator.html; kalkulatorok.html; kalkulatorok/homerseklet-atvalto-kalkulator.html"
